{
  "items": [
    {
      "id": 1,
      "name": "M99",
      "chance": {
        "daily": 0.01,
        "weekly": 0.2,
        "monthly": 0.3
      }
    },
    {
      "id": 2,
      "name": "VSD",
      "chance": {
        "daily": 0.3,
        "weekly": 0.4,
        "monthly": 0.5
      }
    },
    {
      "id": 3,
      "name": "NK",
      "chance": {
        "daily": 0.5,
        "weekly": 0.5,
        "monthly": 0.5
      }
    },
    {
      "id": 4,
      "name": "GROM",
      "chance": {
        "daily": 0.5,
        "weekly": 0.5,
        "monthly": 0.5
      }
    },
    {
      "id": 5,
      "name": "SCAR",
      "chance": {
        "daily": 0.3,
        "weekly": 0.4,
        "monthly": 0.5
      }
    },
    {
      "id": 6,
      "name": "AR4-M",
      "chance": {
        "daily": 0.5,
        "weekly": 0.5,
        "monthly": 0.5
      }
    },
    {
      "id": 7,
      "name": "AR4",
      "chance": {
        "daily": 0.5,
        "weekly": 0.5,
        "monthly": 0.5
      }
    },
    {
      "id": 8,
      "name": "FASAM",
      "chance": {
        "daily": 0.3,
        "weekly": 0.4,
        "monthly": 0.5
      }
    },
    {
      "id": 9,
      "name": "P900",
      "chance": {
        "daily": 0.5,
        "weekly": 0.5,
        "monthly": 0.5
      }
    },
    {
      "id": 10,
      "name": "MG36",
      "chance": {
        "daily": 0.3,
        "weekly": 0.4,
        "monthly": 0.5
      }
    },
    {
      "id": 11,
      "name": "AUG",
      "chance": {
        "daily": 0.3,
        "weekly": 0.4,
        "monthly": 0.5
      }
    },
    {
      "id": 12,
      "name": "COD",
      "chance": {
        "daily": 0.5,
        "weekly": 0.5,
        "monthly": 0.5
      }
    },
    {
      "id": 13,
      "name": "ELCN",
      "chance": {
        "daily": 0.5,
        "weekly": 0.5,
        "monthly": 0.5
      }
    },
    {
      "id": 14,
      "name": "HMR",
      "chance": {
        "daily": 0.5,
        "weekly": 0.5,
        "monthly": 0.5
      }
    },
    {
      "id": 15,
      "name": "50K",
      "chance": {
        "daily": 0.3,
        "weekly": 0.4,
        "monthly": 0.5
      }
    },
    {
      "id": 16,
      "name": "100K",
      "chance": {
        "daily": 0.5,
        "weekly": 0.5,
        "monthly": 0.5
      }
    },
    {
      "id": 17,
      "name": "STALKER",
      "chance": {
        "daily": 0.3,
        "weekly": 0.4,
        "monthly": 0.5
      }
    },
    {
      "id": 18,
      "name": "THYPHON",
      "chance": {
        "daily": 0.5,
        "weekly": 0.5,
        "monthly": 0.5
      }
    },
    {
      "id": 19,
      "name": "3X C4",
      "chance": {
        "daily": 0.5,
        "weekly": 0.5,
        "monthly": 0.5
      }
    },
    {
      "id": 20,
      "name": "KIT FULL 3",
      "chance": {
        "daily": 0.3,
        "weekly": 0.4,
        "monthly": 0.5
      }
    },
    {
      "id": 21,
      "name": "KIT FULL 2",
      "chance": {
        "daily": 0.3,
        "weekly": 0.4,
        "monthly": 0.5
  }
    },
    {
      "id": 22,
      "name": "PACK DE 500 MUNIÇÕES AR",
      "chance": {
        "daily": 0.3,
        "weekly": 0.4,
        "monthly": 0.5
  }
    },
    {
      "id": 23,
      "name": "20X PAINKILLER",
      "chance": {
        "daily": 0.5,
        "weekly": 0.5,
        "monthly": 0.5
  }
    },
    {
      "id": 24,
      "name": "20X BANDAGENS",
      "chance": {
        "daily": 0.5,
        "weekly": 0.5,
        "monthly": 0.5
  }
    },
    {
      "id": 25,
      "name": "5X CODELOCK",
      "chance": {
        "daily": 0.5,
        "weekly": 0.5,
        "monthly": 0.5
  }
    },
    {
      "id": 26,
      "name": "3X WEAPON REPAIR KIT MK2",
      "chance": {
        "daily": 0.5,
        "weekly": 0.5,
        "monthly": 0.5
  }
    },
    {
      "id": 27,
      "name": "3X ARMOR REPAIR KIT MK2",
      "chance": {
        "daily": 0.5,
        "weekly": 0.5,
        "monthly": 0.5
      }
    }
  ]
}
